Country,Number
Mexico,553200
El Salvador,26160
Guatemala,17920
Honduras,16420
Peru,7220
"Korea, South",7150
Brazil,5730
Ecuador,5360
Colombia,4910
Argentina,3880
Philippines,3800
India,2570
Jamaica,2530
Venezuela,2420
Dominican Republic,2310
Uruguay,1930
Trinidad And Tobago,1850
Bolivia,1660
Costa Rica,1570
Chile,1390
Poland,1380
Nicaragua,1370
Pakistan,1310
Nigeria,1010
Guyana,960
Belize,830
Canada,730
Indonesia,710
China,690
Kenya,680
Portugal,500
United Kingdom,490
Mongolia,470
Bangladesh,470
Ghana,470
Panama,430
Italy,350
Israel,340
"Bahamas, The",290
Saint Lucia,260
Albania,250
Taiwan,240
Jordan,230
Turkey,220
Germany,210
Paraguay,210
Thailand,200
South Africa,190
Saudi Arabia,190
Zambia,180
Hong Kong,170
United Arab Emirates,170
Egypt,170
Armenia,170
France,160
Lithuania,160
Malaysia,150
Ukraine,150
Senegal,150
Haiti,150
Russia,140
Guinea,140
Saint Vincent And The Grenadines,130
Grenada,130
Japan,130
Cameroon,130
Sri Lanka,130
CÃ´te D'Ivoire,130
Morocco,120
Zimbabwe,120
"Gambia, The",120
Liberia,120
Suriname,110
Spain,110
Lebanon,110
Greece,100
Romania,100
Barbados,100
Sierra Leone,100
Czech Republic,90
Fiji,90
Dominica,90
Hungary,90
Antigua And Barbuda,80
Malawi,80
New Zealand,80
Tanzania,80
Bulgaria,70
Macedonia,70
Uganda,60
Nepal,60
Kuwait,60
Cabo Verde,60
Iran,60
Netherlands,60
Tonga,60
Montenegro,50
Angola,50
Mali,50
Australia,50
North Vietnam,50
Slovakia,40
Democratic Republic Of Congo,40
Singapore,40
Uzbekistan,40
Qatar,40
Cambodia,40
Serbia,30
Ethiopia,30
Togo,30
Yemen,30
Turks And Caicos Islands,30
"Virgin Islands, British",30
Yugoslavia,30
Saint Kitts And Nevis,30
Estonia,30
Sweden,30
Syria,30
Belgium,30
Samoa,30
Bahrain,30
Congo,30
Austria,20
Gabon,20
Ireland,20
Botswana,20
Western Samoa,20
Cayman Islands,20
Vietnam,20
Netherlands Antilles,20
Belarus,20
Bermuda,20
Algeria,20
Benin,20
Georgia,10
Latvia,10
Switzerland,10
Croatia,10
Denmark,10
Kosovo,10
Libya,10
Burkina Faso,10
Burundi,10
French Guiana,10
Laos,10
Oman,10
Ussr,10
Azerbaijan,10
Kazakhstan,10
Montserrat,10
Afghanistan,10
Guadeloupe,10
Iraq,10
Moldova,10
Niger,10
Macau,0
Namibia,0
Kyrgyzstan,0
Madagascar,0
Norway,0
Somalia,0
Cyprus,0
Lesotho,0
Slovenia,0
Aruba,0
Bosnia And Herzegovina,0
Central African Republic,0
Mauritius,0
Rwanda,0
Brunei,0
Chad,0
Luxembourg,0
Tunisia,0
Cuba,0
Mozambique,0
Sudan,0
Tuvalu,0
Bhutan,0
Eritrea,0
Marshall Islands,0
Mauritania,0
"Micronesia, Federated States Of",0
Palau,0
Tajikistan,0
Turkmenistan,0
Zaire,0
Anguilla,0
British Virgin Islands,0
Burma,0
"Germany, West",0
Guinea-Bissau,0
Malta,0
Mayotte,0
Papua New Guinea,0
Swaziland,0
Andorra,0
Equatorial Guinea,0
Finland,0
French Polynesia,0
Iceland,0
Kiribati,0
"Korea, North",0
Martinique,0
Monaco,0
New Caledonia,0
Palestine,0
St. Vincent-Grenadines,0
Not available,1380
